facilityNo,address,name
2,2 Facility Rd,Field 2
3,3 Facility Rd,Field 3
4,4 Facility Rd,Field 4
5,5 Facility Rd,Field 5
6,6 Facility Rd,Field 6
7,7 Facility Rd,Field 7
8,8 Facility Rd,Field 8
9,9 Facility Rd,Field 9
10,10 Facility Rd,Field 10
11,11 Facility Rd,Field 11
12,12 Facility Rd,Field 12
13,13 Facility Rd,Field 13
14,14 Facility Rd,Field 14
15,15 Facility Rd,Field 15
16,16 Facility Rd,Field 16
17,17 Facility Rd,Field 17
18,18 Facility Rd,Field 18
19,19 Facility Rd,Field 19
20,20 Facility Rd,Field 20
21,21 Facility Rd,Field 21
22,22 Facility Rd,Field 22
23,23 Facility Rd,Field 23
24,24 Facility Rd,Field 24
25,25 Facility Rd,Field 25
26,26 Facility Rd,Field 26
27,27 Facility Rd,Field 27
28,28 Facility Rd,Field 28
29,29 Facility Rd,Field 29
30,30 Facility Rd,Field 30
31,31 Facility Rd,Field 31
32,32 Facility Rd,Field 32
33,33 Facility Rd,Field 33
34,34 Facility Rd,Field 34
35,35 Facility Rd,Field 35
36,36 Facility Rd,Field 36
37,37 Facility Rd,Field 37
38,38 Facility Rd,Field 38
39,39 Facility Rd,Field 39
40,40 Facility Rd,Field 40
41,41 Facility Rd,Field 41
42,42 Facility Rd,Field 42
43,43 Facility Rd,Field 43
44,44 Facility Rd,Field 44
45,45 Facility Rd,Field 45
46,46 Facility Rd,Field 46
47,47 Facility Rd,Field 47
48,48 Facility Rd,Field 48
49,49 Facility Rd,Field 49
50,50 Facility Rd,Field 50
51,51 Facility Rd,Field 51
