playerID,teamName,fName,lName,dob,address,phoneNum,email,pword
P0001,Team14,FName1,LName1,1998-11-20,1 Player St,555-010000,player1@example.com,pword1
P0002,Team8,FName2,LName2,1989-05-15,2 Player St,555-010001,player2@example.com,pword2
P0003,Team22,FName3,LName3,1996-01-21,3 Player St,555-010002,player3@example.com,pword3
P0004,Team19,FName4,LName4,1990-10-03,4 Player St,555-010003,player4@example.com,pword4
P0005,Team13,FName5,LName5,1988-12-12,5 Player St,555-010004,player5@example.com,pword5
P0006,Team16,FName6,LName6,1988-08-08,6 Player St,555-010005,player6@example.com,pword6
P0007,Team12,FName7,LName7,1989-08-25,7 Player St,555-010006,player7@example.com,pword7
P0008,Team8,FName8,LName8,1980-12-02,8 Player St,555-010007,player8@example.com,pword8
P0009,Team11,FName9,LName9,1989-03-17,9 Player St,555-010008,player9@example.com,pword9
P0010,Team1,FName10,LName10,1980-05-25,10 Player St,555-010009,player10@example.com,pword10
P0011,Team24,FName11,LName11,1999-03-23,11 Player St,555-010010,player11@example.com,pword11
P0012,Team23,FName12,LName12,1999-01-12,12 Player St,555-010011,player12@example.com,pword12
P0013,Team19,FName13,LName13,1981-06-19,13 Player St,555-010012,player13@example.com,pword13
P0014,Team24,FName14,LName14,1981-09-26,14 Player St,555-010013,player14@example.com,pword14
P0015,Team9,FName15,LName15,1994-09-27,15 Player St,555-010014,player15@example.com,pword15
P0016,Team8,FName16,LName16,1999-11-26,16 Player St,555-010015,player16@example.com,pword16
P0017,Team20,FName17,LName17,1987-09-09,17 Player St,555-010016,player17@example.com,pword17
P0018,Team24,FName18,LName18,1987-10-28,18 Player St,555-010017,player18@example.com,pword18
P0019,Team8,FName19,LName19,1997-05-03,19 Player St,555-010018,player19@example.com,pword19
P0020,Team10,FName20,LName20,1982-02-22,20 Player St,555-010019,player20@example.com,pword20
P0021,Team5,FName21,LName21,1991-11-27,21 Player St,555-010020,player21@example.com,pword21
P0022,Team21,FName22,LName22,1989-10-24,22 Player St,555-010021,player22@example.com,pword22
P0023,Team17,FName23,LName23,1991-07-18,23 Player St,555-010022,player23@example.com,pword23
P0024,Team24,FName24,LName24,1992-02-11,24 Player St,555-010023,player24@example.com,pword24
P0025,Team19,FName25,LName25,1987-01-16,25 Player St,555-010024,player25@example.com,pword25
P0026,Team23,FName26,LName26,1997-04-10,26 Player St,555-010025,player26@example.com,pword26
P0027,Team25,FName27,LName27,1992-11-26,27 Player St,555-010026,player27@example.com,pword27
P0028,Team9,FName28,LName28,1994-03-03,28 Player St,555-010027,player28@example.com,pword28
P0029,Team12,FName29,LName29,1997-05-01,29 Player St,555-010028,player29@example.com,pword29
P0030,Team10,FName30,LName30,1980-09-01,30 Player St,555-010029,player30@example.com,pword30
P0031,Team17,FName31,LName31,1985-09-20,31 Player St,555-010030,player31@example.com,pword31
P0032,Team9,FName32,LName32,1984-03-03,32 Player St,555-010031,player32@example.com,pword32
P0033,Team17,FName33,LName33,1989-07-01,33 Player St,555-010032,player33@example.com,pword33
P0034,Team5,FName34,LName34,1994-05-14,34 Player St,555-010033,player34@example.com,pword34
P0035,Team16,FName35,LName35,1981-03-10,35 Player St,555-010034,player35@example.com,pword35
P0036,Team10,FName36,LName36,1993-08-27,36 Player St,555-010035,player36@example.com,pword36
P0037,Team25,FName37,LName37,1994-03-20,37 Player St,555-010036,player37@example.com,pword37
P0038,Team25,FName38,LName38,1982-05-14,38 Player St,555-010037,player38@example.com,pword38
P0039,Team4,FName39,LName39,1996-04-14,39 Player St,555-010038,player39@example.com,pword39
P0040,Team17,FName40,LName40,1985-01-05,40 Player St,555-010039,player40@example.com,pword40
P0041,Team21,FName41,LName41,1987-10-17,41 Player St,555-010040,player41@example.com,pword41
P0042,Team10,FName42,LName42,1994-10-18,42 Player St,555-010041,player42@example.com,pword42
P0043,Team17,FName43,LName43,1986-06-16,43 Player St,555-010042,player43@example.com,pword43
P0044,Team20,FName44,LName44,1998-07-28,44 Player St,555-010043,player44@example.com,pword44
P0045,Team19,FName45,LName45,1981-07-13,45 Player St,555-010044,player45@example.com,pword45
P0046,Team3,FName46,LName46,1995-12-19,46 Player St,555-010045,player46@example.com,pword46
P0047,Team8,FName47,LName47,1985-12-27,47 Player St,555-010046,player47@example.com,pword47
P0048,Team20,FName48,LName48,1997-08-12,48 Player St,555-010047,player48@example.com,pword48
P0049,Team10,FName49,LName49,1988-01-06,49 Player St,555-010048,player49@example.com,pword49
P0050,Team19,FName50,LName50,1982-12-13,50 Player St,555-010049,player50@example.com,pword50
P0051,Team23,FName51,LName51,1998-04-10,51 Player St,555-010050,player51@example.com,pword51
P0052,Team16,FName52,LName52,1986-06-03,52 Player St,555-010051,player52@example.com,pword52
P0053,Team25,FName53,LName53,1998-07-15,53 Player St,555-010052,player53@example.com,pword53
P0054,Team20,FName54,LName54,1992-11-01,54 Player St,555-010053,player54@example.com,pword54
P0055,Team11,FName55,LName55,1991-07-24,55 Player St,555-010054,player55@example.com,pword55
P0056,Team21,FName56,LName56,1993-11-11,56 Player St,555-010055,player56@example.com,pword56
P0057,Team14,FName57,LName57,1989-01-03,57 Player St,555-010056,player57@example.com,pword57
P0058,Team21,FName58,LName58,1994-07-19,58 Player St,555-010057,player58@example.com,pword58
P0059,Team17,FName59,LName59,1983-06-20,59 Player St,555-010058,player59@example.com,pword59
P0060,Team14,FName60,LName60,1987-06-08,60 Player St,555-010059,player60@example.com,pword60
P0061,Team9,FName61,LName61,1997-04-23,61 Player St,555-010060,player61@example.com,pword61
P0062,Team16,FName62,LName62,1991-10-19,62 Player St,555-010061,player62@example.com,pword62
P0063,Team18,FName63,LName63,1995-02-09,63 Player St,555-010062,player63@example.com,pword63
P0064,Team6,FName64,LName64,1997-10-24,64 Player St,555-010063,player64@example.com,pword64
P0065,Team16,FName65,LName65,1998-08-28,65 Player St,555-010064,player65@example.com,pword65
P0066,Team15,FName66,LName66,1985-03-01,66 Player St,555-010065,player66@example.com,pword66
P0067,Team5,FName67,LName67,1990-09-20,67 Player St,555-010066,player67@example.com,pword67
P0068,Team6,FName68,LName68,1987-05-18,68 Player St,555-010067,player68@example.com,pword68
P0069,Team12,FName69,LName69,1992-06-27,69 Player St,555-010068,player69@example.com,pword69
P0070,Team14,FName70,LName70,1982-04-04,70 Player St,555-010069,player70@example.com,pword70
P0071,Team11,FName71,LName71,1982-01-26,71 Player St,555-010070,player71@example.com,pword71
P0072,Team4,FName72,LName72,1991-03-26,72 Player St,555-010071,player72@example.com,pword72
P0073,Team4,FName73,LName73,1993-09-22,73 Player St,555-010072,player73@example.com,pword73
P0074,Team5,FName74,LName74,1999-11-14,74 Player St,555-010073,player74@example.com,pword74
P0075,Team7,FName75,LName75,1985-10-25,75 Player St,555-010074,player75@example.com,pword75
P0076,Team22,FName76,LName76,1980-07-21,76 Player St,555-010075,player76@example.com,pword76
P0077,Team15,FName77,LName77,1996-02-08,77 Player St,555-010076,player77@example.com,pword77
P0078,Team23,FName78,LName78,1980-09-22,78 Player St,555-010077,player78@example.com,pword78
P0079,Team21,FName79,LName79,1988-12-06,79 Player St,555-010078,player79@example.com,pword79
P0080,Team12,FName80,LName80,1989-08-19,80 Player St,555-010079,player80@example.com,pword80
P0081,Team5,FName81,LName81,1990-03-15,81 Player St,555-010080,player81@example.com,pword81
P0082,Team11,FName82,LName82,1985-06-26,82 Player St,555-010081,player82@example.com,pword82
P0083,Team2,FName83,LName83,1982-01-22,83 Player St,555-010082,player83@example.com,pword83
P0084,Team13,FName84,LName84,1990-10-04,84 Player St,555-010083,player84@example.com,pword84
P0085,Team21,FName85,LName85,1985-05-12,85 Player St,555-010084,player85@example.com,pword85
P0086,Team10,FName86,LName86,1995-08-04,86 Player St,555-010085,player86@example.com,pword86
P0087,Team17,FName87,LName87,1980-06-18,87 Player St,555-010086,player87@example.com,pword87
P0088,Team1,FName88,LName88,1985-09-10,88 Player St,555-010087,player88@example.com,pword88
P0089,Team11,FName89,LName89,1999-08-05,89 Player St,555-010088,player89@example.com,pword89
P0090,Team12,FName90,LName90,1981-02-28,90 Player St,555-010089,player90@example.com,pword90
P0091,Team11,FName91,LName91,1985-01-22,91 Player St,555-010090,player91@example.com,pword91
P0092,Team7,FName92,LName92,1985-06-06,92 Player St,555-010091,player92@example.com,pword92
P0093,Team23,FName93,LName93,1982-04-23,93 Player St,555-010092,player93@example.com,pword93
P0094,Team8,FName94,LName94,1988-02-14,94 Player St,555-010093,player94@example.com,pword94
P0095,Team8,FName95,LName95,1987-11-11,95 Player St,555-010094,player95@example.com,pword95
P0096,Team18,FName96,LName96,1987-11-05,96 Player St,555-010095,player96@example.com,pword96
P0097,Team24,FName97,LName97,1986-04-28,97 Player St,555-010096,player97@example.com,pword97
P0098,Team25,FName98,LName98,1984-02-11,98 Player St,555-010097,player98@example.com,pword98
P0099,Team6,FName99,LName99,1986-06-19,99 Player St,555-010098,player99@example.com,pword99
P0100,Team24,FName100,LName100,1999-10-15,100 Player St,555-010099,player100@example.com,pword100
P0101,Team2,FName101,LName101,1983-08-15,101 Player St,555-010100,player101@example.com,pword101
P0102,Team5,FName102,LName102,1991-02-24,102 Player St,555-010101,player102@example.com,pword102
P0103,Team9,FName103,LName103,1994-11-25,103 Player St,555-010102,player103@example.com,pword103
P0104,Team9,FName104,LName104,1992-09-06,104 Player St,555-010103,player104@example.com,pword104
P0105,Team25,FName105,LName105,1996-06-23,105 Player St,555-010104,player105@example.com,pword105
P0106,Team23,FName106,LName106,1991-04-17,106 Player St,555-010105,player106@example.com,pword106
P0107,Team4,FName107,LName107,1984-03-20,107 Player St,555-010106,player107@example.com,pword107
P0108,Team17,FName108,LName108,1993-04-21,108 Player St,555-010107,player108@example.com,pword108
P0109,Team18,FName109,LName109,1998-09-25,109 Player St,555-010108,player109@example.com,pword109
P0110,Team15,FName110,LName110,1990-05-06,110 Player St,555-010109,player110@example.com,pword110
P0111,Team9,FName111,LName111,1991-02-04,111 Player St,555-010110,player111@example.com,pword111
P0112,Team25,FName112,LName112,1999-06-28,112 Player St,555-010111,player112@example.com,pword112
P0113,Team22,FName113,LName113,1981-10-20,113 Player St,555-010112,player113@example.com,pword113
P0114,Team24,FName114,LName114,1990-09-13,114 Player St,555-010113,player114@example.com,pword114
P0115,Team21,FName115,LName115,1982-05-26,115 Player St,555-010114,player115@example.com,pword115
P0116,Team18,FName116,LName116,1999-04-09,116 Player St,555-010115,player116@example.com,pword116
P0117,Team7,FName117,LName117,1986-03-02,117 Player St,555-010116,player117@example.com,pword117
P0118,Team3,FName118,LName118,1991-11-20,118 Player St,555-010117,player118@example.com,pword118
P0119,Team6,FName119,LName119,1998-02-02,119 Player St,555-010118,player119@example.com,pword119
P0120,Team2,FName120,LName120,1994-10-22,120 Player St,555-010119,player120@example.com,pword120
P0121,Team3,FName121,LName121,1996-12-13,121 Player St,555-010120,player121@example.com,pword121
P0122,Team13,FName122,LName122,1982-12-21,122 Player St,555-010121,player122@example.com,pword122
P0123,Team3,FName123,LName123,1994-12-01,123 Player St,555-010122,player123@example.com,pword123
P0124,Team4,FName124,LName124,1996-04-16,124 Player St,555-010123,player124@example.com,pword124
P0125,Team4,FName125,LName125,1991-01-22,125 Player St,555-010124,player125@example.com,pword125
P0126,Team24,FName126,LName126,1985-12-13,126 Player St,555-010125,player126@example.com,pword126
P0127,Team7,FName127,LName127,1996-09-04,127 Player St,555-010126,player127@example.com,pword127
P0128,Team8,FName128,LName128,1990-12-03,128 Player St,555-010127,player128@example.com,pword128
P0129,Team6,FName129,LName129,1987-06-04,129 Player St,555-010128,player129@example.com,pword129
P0130,Team5,FName130,LName130,1983-11-06,130 Player St,555-010129,player130@example.com,pword130
P0131,Team22,FName131,LName131,1994-01-27,131 Player St,555-010130,player131@example.com,pword131
P0132,Team19,FName132,LName132,1980-09-17,132 Player St,555-010131,player132@example.com,pword132
P0133,Team16,FName133,LName133,1996-11-17,133 Player St,555-010132,player133@example.com,pword133
P0134,Team18,FName134,LName134,1992-07-28,134 Player St,555-010133,player134@example.com,pword134
P0135,Team21,FName135,LName135,1980-11-17,135 Player St,555-010134,player135@example.com,pword135
P0136,Team7,FName136,LName136,1985-01-13,136 Player St,555-010135,player136@example.com,pword136
P0137,Team11,FName137,LName137,1981-06-15,137 Player St,555-010136,player137@example.com,pword137
P0138,Team24,FName138,LName138,1996-12-15,138 Player St,555-010137,player138@example.com,pword138
P0139,Team23,FName139,LName139,1984-01-15,139 Player St,555-010138,player139@example.com,pword139
P0140,Team19,FName140,LName140,1987-05-15,140 Player St,555-010139,player140@example.com,pword140
P0141,Team22,FName141,LName141,1995-01-23,141 Player St,555-010140,player141@example.com,pword141
P0142,Team2,FName142,LName142,1987-09-08,142 Player St,555-010141,player142@example.com,pword142
P0143,Team16,FName143,LName143,1982-01-10,143 Player St,555-010142,player143@example.com,pword143
P0144,Team14,FName144,LName144,1990-06-08,144 Player St,555-010143,player144@example.com,pword144
P0145,Team15,FName145,LName145,1992-10-20,145 Player St,555-010144,player145@example.com,pword145
P0146,Team25,FName146,LName146,1995-10-06,146 Player St,555-010145,player146@example.com,pword146
P0147,Team14,FName147,LName147,1996-09-18,147 Player St,555-010146,player147@example.com,pword147
P0148,Team21,FName148,LName148,1988-01-12,148 Player St,555-010147,player148@example.com,pword148
P0149,Team11,FName149,LName149,1997-08-20,149 Player St,555-010148,player149@example.com,pword149
P0150,Team1,FName150,LName150,1980-02-09,150 Player St,555-010149,player150@example.com,pword150
P0151,Team1,FName151,LName151,1998-11-12,151 Player St,555-010150,player151@example.com,pword151
P0152,Team13,FName152,LName152,1997-04-27,152 Player St,555-010151,player152@example.com,pword152
P0153,Team4,FName153,LName153,1981-01-24,153 Player St,555-010152,player153@example.com,pword153
P0154,Team10,FName154,LName154,1980-10-16,154 Player St,555-010153,player154@example.com,pword154
P0155,Team16,FName155,LName155,1995-08-11,155 Player St,555-010154,player155@example.com,pword155
P0156,Team7,FName156,LName156,1990-01-19,156 Player St,555-010155,player156@example.com,pword156
P0157,Team18,FName157,LName157,1994-03-19,157 Player St,555-010156,player157@example.com,pword157
P0158,Team14,FName158,LName158,1983-03-13,158 Player St,555-010157,player158@example.com,pword158
P0159,Team16,FName159,LName159,1983-02-14,159 Player St,555-010158,player159@example.com,pword159
P0160,Team19,FName160,LName160,1995-02-13,160 Player St,555-010159,player160@example.com,pword160
P0161,Team19,FName161,LName161,1993-07-16,161 Player St,555-010160,player161@example.com,pword161
P0162,Team17,FName162,LName162,1992-03-08,162 Player St,555-010161,player162@example.com,pword162
P0163,Team20,FName163,LName163,1984-11-27,163 Player St,555-010162,player163@example.com,pword163
P0164,Team2,FName164,LName164,1993-10-02,164 Player St,555-010163,player164@example.com,pword164
P0165,Team6,FName165,LName165,1998-09-06,165 Player St,555-010164,player165@example.com,pword165
P0166,Team4,FName166,LName166,1986-06-07,166 Player St,555-010165,player166@example.com,pword166
P0167,Team20,FName167,LName167,1991-07-11,167 Player St,555-010166,player167@example.com,pword167
P0168,Team23,FName168,LName168,1989-10-11,168 Player St,555-010167,player168@example.com,pword168
P0169,Team15,FName169,LName169,1984-12-21,169 Player St,555-010168,player169@example.com,pword169
P0170,Team19,FName170,LName170,1992-03-11,170 Player St,555-010169,player170@example.com,pword170
P0171,Team19,FName171,LName171,1989-02-26,171 Player St,555-010170,player171@example.com,pword171
P0172,Team2,FName172,LName172,1985-04-27,172 Player St,555-010171,player172@example.com,pword172
P0173,Team8,FName173,LName173,1982-06-26,173 Player St,555-010172,player173@example.com,pword173
P0174,Team21,FName174,LName174,1996-10-13,174 Player St,555-010173,player174@example.com,pword174
P0175,Team10,FName175,LName175,1996-04-02,175 Player St,555-010174,player175@example.com,pword175
P0176,Team12,FName176,LName176,1987-11-19,176 Player St,555-010175,player176@example.com,pword176
P0177,Team7,FName177,LName177,1981-06-27,177 Player St,555-010176,player177@example.com,pword177
P0178,Team22,FName178,LName178,1980-03-18,178 Player St,555-010177,player178@example.com,pword178
P0179,Team5,FName179,LName179,1999-10-10,179 Player St,555-010178,player179@example.com,pword179
P0180,Team12,FName180,LName180,1994-07-11,180 Player St,555-010179,player180@example.com,pword180
P0181,Team12,FName181,LName181,1996-04-06,181 Player St,555-010180,player181@example.com,pword181
P0182,Team15,FName182,LName182,1993-09-02,182 Player St,555-010181,player182@example.com,pword182
P0183,Team5,FName183,LName183,1995-11-13,183 Player St,555-010182,player183@example.com,pword183
P0184,Team1,FName184,LName184,1980-04-01,184 Player St,555-010183,player184@example.com,pword184
P0185,Team2,FName185,LName185,1985-07-25,185 Player St,555-010184,player185@example.com,pword185
P0186,Team4,FName186,LName186,1984-05-20,186 Player St,555-010185,player186@example.com,pword186
P0187,Team12,FName187,LName187,1999-03-04,187 Player St,555-010186,player187@example.com,pword187
P0188,Team22,FName188,LName188,1987-05-25,188 Player St,555-010187,player188@example.com,pword188
P0189,Team15,FName189,LName189,1998-09-02,189 Player St,555-010188,player189@example.com,pword189
P0190,Team20,FName190,LName190,1989-07-26,190 Player St,555-010189,player190@example.com,pword190
P0191,Team7,FName191,LName191,1980-07-14,191 Player St,555-010190,player191@example.com,pword191
P0192,Team9,FName192,LName192,1992-09-02,192 Player St,555-010191,player192@example.com,pword192
P0193,Team10,FName193,LName193,1994-06-04,193 Player St,555-010192,player193@example.com,pword193
P0194,Team1,FName194,LName194,1981-08-12,194 Player St,555-010193,player194@example.com,pword194
P0195,Team2,FName195,LName195,1996-08-04,195 Player St,555-010194,player195@example.com,pword195
P0196,Team3,FName196,LName196,1990-09-05,196 Player St,555-010195,player196@example.com,pword196
P0197,Team13,FName197,LName197,1987-12-14,197 Player St,555-010196,player197@example.com,pword197
P0198,Team10,FName198,LName198,1984-07-13,198 Player St,555-010197,player198@example.com,pword198
P0199,Team3,FName199,LName199,1992-12-25,199 Player St,555-010198,player199@example.com,pword199
P0200,Team1,FName200,LName200,1984-01-05,200 Player St,555-010199,player200@example.com,pword200
P0201,Team23,FName201,LName201,1982-09-16,201 Player St,555-010200,player201@example.com,pword201
P0202,Team15,FName202,LName202,1980-08-15,202 Player St,555-010201,player202@example.com,pword202
P0203,Team7,FName203,LName203,1992-03-10,203 Player St,555-010202,player203@example.com,pword203
P0204,Team23,FName204,LName204,1996-01-03,204 Player St,555-010203,player204@example.com,pword204
P0205,Team10,FName205,LName205,1998-04-27,205 Player St,555-010204,player205@example.com,pword205
P0206,Team25,FName206,LName206,1992-07-26,206 Player St,555-010205,player206@example.com,pword206
P0207,Team15,FName207,LName207,1994-11-04,207 Player St,555-010206,player207@example.com,pword207
P0208,Team18,FName208,LName208,1987-03-07,208 Player St,555-010207,player208@example.com,pword208
P0209,Team2,FName209,LName209,1992-06-06,209 Player St,555-010208,player209@example.com,pword209
P0210,Team20,FName210,LName210,1994-02-06,210 Player St,555-010209,player210@example.com,pword210
P0211,Team7,FName211,LName211,1988-03-14,211 Player St,555-010210,player211@example.com,pword211
P0212,Team18,FName212,LName212,1987-10-15,212 Player St,555-010211,player212@example.com,pword212
P0213,Team13,FName213,LName213,1982-10-19,213 Player St,555-010212,player213@example.com,pword213
P0214,Team22,FName214,LName214,1996-05-03,214 Player St,555-010213,player214@example.com,pword214
P0215,Team13,FName215,LName215,1988-03-28,215 Player St,555-010214,player215@example.com,pword215
P0216,Team10,FName216,LName216,1997-09-20,216 Player St,555-010215,player216@example.com,pword216
P0217,Team20,FName217,LName217,1983-11-27,217 Player St,555-010216,player217@example.com,pword217
P0218,Team18,FName218,LName218,1990-12-16,218 Player St,555-010217,player218@example.com,pword218
P0219,Team3,FName219,LName219,1986-03-02,219 Player St,555-010218,player219@example.com,pword219
P0220,Team20,FName220,LName220,1989-04-18,220 Player St,555-010219,player220@example.com,pword220
P0221,Team9,FName221,LName221,1990-11-09,221 Player St,555-010220,player221@example.com,pword221
P0222,Team13,FName222,LName222,1994-09-27,222 Player St,555-010221,player222@example.com,pword222
P0223,Team15,FName223,LName223,1998-04-14,223 Player St,555-010222,player223@example.com,pword223
P0224,Team9,FName224,LName224,1987-03-21,224 Player St,555-010223,player224@example.com,pword224
P0225,Team3,FName225,LName225,1994-06-04,225 Player St,555-010224,player225@example.com,pword225
P0226,Team24,FName226,LName226,1982-03-26,226 Player St,555-010225,player226@example.com,pword226
P0227,Team9,FName227,LName227,1991-10-24,227 Player St,555-010226,player227@example.com,pword227
P0228,Team7,FName228,LName228,1989-05-13,228 Player St,555-010227,player228@example.com,pword228
P0229,Team3,FName229,LName229,1984-04-15,229 Player St,555-010228,player229@example.com,pword229
P0230,Team3,FName230,LName230,1983-08-13,230 Player St,555-010229,player230@example.com,pword230
P0231,Team22,FName231,LName231,1995-09-11,231 Player St,555-010230,player231@example.com,pword231
P0232,Team19,FName232,LName232,1982-05-10,232 Player St,555-010231,player232@example.com,pword232
P0233,Team2,FName233,LName233,1986-12-06,233 Player St,555-010232,player233@example.com,pword233
P0234,Team11,FName234,LName234,1986-04-09,234 Player St,555-010233,player234@example.com,pword234
P0235,Team11,FName235,LName235,1984-05-05,235 Player St,555-010234,player235@example.com,pword235
P0236,Team16,FName236,LName236,1980-07-16,236 Player St,555-010235,player236@example.com,pword236
P0237,Team14,FName237,LName237,1980-05-01,237 Player St,555-010236,player237@example.com,pword237
P0238,Team25,FName238,LName238,1991-08-27,238 Player St,555-010237,player238@example.com,pword238
P0239,Team1,FName239,LName239,1984-06-19,239 Player St,555-010238,player239@example.com,pword239
P0240,Team6,FName240,LName240,1982-01-22,240 Player St,555-010239,player240@example.com,pword240
P0241,Team2,FName241,LName241,1984-09-10,241 Player St,555-010240,player241@example.com,pword241
P0242,Team4,FName242,LName242,1982-05-11,242 Player St,555-010241,player242@example.com,pword242
P0243,Team22,FName243,LName243,1991-07-11,243 Player St,555-010242,player243@example.com,pword243
P0244,Team16,FName244,LName244,1988-02-21,244 Player St,555-010243,player244@example.com,pword244
P0245,Team1,FName245,LName245,1984-02-16,245 Player St,555-010244,player245@example.com,pword245
P0246,Team13,FName246,LName246,1985-05-25,246 Player St,555-010245,player246@example.com,pword246
P0247,Team20,FName247,LName247,1999-01-01,247 Player St,555-010246,player247@example.com,pword247
P0248,Team24,FName248,LName248,1989-12-18,248 Player St,555-010247,player248@example.com,pword248
P0249,Team4,FName249,LName249,1996-03-15,249 Player St,555-010248,player249@example.com,pword249
P0250,Team19,FName250,LName250,1984-07-17,250 Player St,555-010249,player250@example.com,pword250
P0251,Team6,FName251,LName251,1996-07-17,251 Player St,555-010250,player251@example.com,pword251
P0252,Team24,FName252,LName252,1995-02-24,252 Player St,555-010251,player252@example.com,pword252
P0253,Team15,FName253,LName253,1998-07-05,253 Player St,555-010252,player253@example.com,pword253
P0254,Team1,FName254,LName254,1997-06-25,254 Player St,555-010253,player254@example.com,pword254
P0255,Team8,FName255,LName255,1982-07-22,255 Player St,555-010254,player255@example.com,pword255
P0256,Team12,FName256,LName256,1994-07-23,256 Player St,555-010255,player256@example.com,pword256
P0257,Team4,FName257,LName257,1988-02-02,257 Player St,555-010256,player257@example.com,pword257
P0258,Team2,FName258,LName258,1991-07-08,258 Player St,555-010257,player258@example.com,pword258
P0259,Team5,FName259,LName259,1984-07-07,259 Player St,555-010258,player259@example.com,pword259
P0260,Team18,FName260,LName260,1998-08-20,260 Player St,555-010259,player260@example.com,pword260
P0261,Team4,FName261,LName261,1999-08-22,261 Player St,555-010260,player261@example.com,pword261
P0262,Team19,FName262,LName262,1996-08-28,262 Player St,555-010261,player262@example.com,pword262
P0263,Team16,FName263,LName263,1988-04-12,263 Player St,555-010262,player263@example.com,pword263
P0264,Team3,FName264,LName264,1995-08-24,264 Player St,555-010263,player264@example.com,pword264
P0265,Team3,FName265,LName265,1990-09-18,265 Player St,555-010264,player265@example.com,pword265
P0266,Team5,FName266,LName266,1990-09-16,266 Player St,555-010265,player266@example.com,pword266
P0267,Team4,FName267,LName267,1986-12-17,267 Player St,555-010266,player267@example.com,pword267
P0268,Team8,FName268,LName268,1985-04-06,268 Player St,555-010267,player268@example.com,pword268
P0269,Team16,FName269,LName269,1990-06-25,269 Player St,555-010268,player269@example.com,pword269
P0270,Team7,FName270,LName270,1982-11-03,270 Player St,555-010269,player270@example.com,pword270
P0271,Team24,FName271,LName271,1991-11-08,271 Player St,555-010270,player271@example.com,pword271
P0272,Team14,FName272,LName272,1998-08-08,272 Player St,555-010271,player272@example.com,pword272
P0273,Team21,FName273,LName273,1998-08-06,273 Player St,555-010272,player273@example.com,pword273
P0274,Team2,FName274,LName274,1988-06-01,274 Player St,555-010273,player274@example.com,pword274
P0275,Team18,FName275,LName275,1982-03-07,275 Player St,555-010274,player275@example.com,pword275
P0276,Team7,FName276,LName276,1996-12-05,276 Player St,555-010275,player276@example.com,pword276
P0277,Team22,FName277,LName277,1997-11-21,277 Player St,555-010276,player277@example.com,pword277
P0278,Team14,FName278,LName278,1981-08-06,278 Player St,555-010277,player278@example.com,pword278
P0279,Team8,FName279,LName279,1998-02-09,279 Player St,555-010278,player279@example.com,pword279
P0280,Team11,FName280,LName280,1991-05-21,280 Player St,555-010279,player280@example.com,pword280
P0281,Team22,FName281,LName281,1985-03-26,281 Player St,555-010280,player281@example.com,pword281
P0282,Team6,FName282,LName282,1989-11-18,282 Player St,555-010281,player282@example.com,pword282
P0283,Team5,FName283,LName283,1996-09-12,283 Player St,555-010282,player283@example.com,pword283
P0284,Team13,FName284,LName284,1982-01-25,284 Player St,555-010283,player284@example.com,pword284
P0285,Team3,FName285,LName285,1990-04-18,285 Player St,555-010284,player285@example.com,pword285
P0286,Team18,FName286,LName286,1996-03-26,286 Player St,555-010285,player286@example.com,pword286
P0287,Team15,FName287,LName287,1980-07-10,287 Player St,555-010286,player287@example.com,pword287
P0288,Team23,FName288,LName288,1985-03-24,288 Player St,555-010287,player288@example.com,pword288
P0289,Team20,FName289,LName289,1983-11-24,289 Player St,555-010288,player289@example.com,pword289
P0290,Team25,FName290,LName290,1980-11-07,290 Player St,555-010289,player290@example.com,pword290
P0291,Team15,FName291,LName291,1987-12-19,291 Player St,555-010290,player291@example.com,pword291
P0292,Team8,FName292,LName292,1984-04-21,292 Player St,555-010291,player292@example.com,pword292
P0293,Team17,FName293,LName293,1997-08-24,293 Player St,555-010292,player293@example.com,pword293
P0294,Team17,FName294,LName294,1997-09-25,294 Player St,555-010293,player294@example.com,pword294
P0295,Team16,FName295,LName295,1997-01-02,295 Player St,555-010294,player295@example.com,pword295
P0296,Team24,FName296,LName296,1992-06-27,296 Player St,555-010295,player296@example.com,pword296
P0297,Team9,FName297,LName297,1999-05-18,297 Player St,555-010296,player297@example.com,pword297
P0298,Team1,FName298,LName298,1984-07-13,298 Player St,555-010297,player298@example.com,pword298
P0299,Team20,FName299,LName299,1997-07-09,299 Player St,555-010298,player299@example.com,pword299
P0300,Team2,FName300,LName300,1981-12-20,300 Player St,555-010299,player300@example.com,pword300
P0301,Team22,FName301,LName301,1996-11-27,301 Player St,555-010300,player301@example.com,pword301
P0302,Team1,FName302,LName302,1989-06-03,302 Player St,555-010301,player302@example.com,pword302
P0303,Team14,FName303,LName303,1984-10-28,303 Player St,555-010302,player303@example.com,pword303
P0304,Team8,FName304,LName304,1996-12-23,304 Player St,555-010303,player304@example.com,pword304
P0305,Team16,FName305,LName305,1999-02-28,305 Player St,555-010304,player305@example.com,pword305
P0306,Team23,FName306,LName306,1991-06-24,306 Player St,555-010305,player306@example.com,pword306
P0307,Team17,FName307,LName307,1990-11-16,307 Player St,555-010306,player307@example.com,pword307
P0308,Team6,FName308,LName308,1995-05-09,308 Player St,555-010307,player308@example.com,pword308
P0309,Team18,FName309,LName309,1985-12-03,309 Player St,555-010308,player309@example.com,pword309
P0310,Team20,FName310,LName310,1997-06-07,310 Player St,555-010309,player310@example.com,pword310
P0311,Team19,FName311,LName311,1983-01-22,311 Player St,555-010310,player311@example.com,pword311
P0312,Team25,FName312,LName312,1999-04-15,312 Player St,555-010311,player312@example.com,pword312
P0313,Team25,FName313,LName313,1982-11-15,313 Player St,555-010312,player313@example.com,pword313
P0314,Team14,FName314,LName314,1992-11-15,314 Player St,555-010313,player314@example.com,pword314
P0315,Team24,FName315,LName315,1997-05-03,315 Player St,555-010314,player315@example.com,pword315
P0316,Team13,FName316,LName316,1986-08-09,316 Player St,555-010315,player316@example.com,pword316
P0317,Team3,FName317,LName317,1997-01-24,317 Player St,555-010316,player317@example.com,pword317
P0318,Team15,FName318,LName318,1996-01-21,318 Player St,555-010317,player318@example.com,pword318
P0319,Team2,FName319,LName319,1992-12-24,319 Player St,555-010318,player319@example.com,pword319
P0320,Team13,FName320,LName320,1995-07-27,320 Player St,555-010319,player320@example.com,pword320
P0321,Team21,FName321,LName321,1984-02-15,321 Player St,555-010320,player321@example.com,pword321
P0322,Team22,FName322,LName322,1984-11-09,322 Player St,555-010321,player322@example.com,pword322
P0323,Team18,FName323,LName323,1999-08-27,323 Player St,555-010322,player323@example.com,pword323
P0324,Team18,FName324,LName324,1987-03-24,324 Player St,555-010323,player324@example.com,pword324
P0325,Team17,FName325,LName325,1996-05-27,325 Player St,555-010324,player325@example.com,pword325
P0326,Team13,FName326,LName326,1980-01-13,326 Player St,555-010325,player326@example.com,pword326
P0327,Team7,FName327,LName327,1987-04-17,327 Player St,555-010326,player327@example.com,pword327
P0328,Team6,FName328,LName328,1990-05-03,328 Player St,555-010327,player328@example.com,pword328
P0329,Team10,FName329,LName329,1981-12-13,329 Player St,555-010328,player329@example.com,pword329
P0330,Team12,FName330,LName330,1999-06-16,330 Player St,555-010329,player330@example.com,pword330
P0331,Team9,FName331,LName331,1981-04-21,331 Player St,555-010330,player331@example.com,pword331
P0332,Team1,FName332,LName332,1990-12-12,332 Player St,555-010331,player332@example.com,pword332
P0333,Team5,FName333,LName333,1982-05-15,333 Player St,555-010332,player333@example.com,pword333
P0334,Team11,FName334,LName334,1998-07-18,334 Player St,555-010333,player334@example.com,pword334
P0335,Team15,FName335,LName335,1984-06-28,335 Player St,555-010334,player335@example.com,pword335
P0336,Team6,FName336,LName336,1993-12-10,336 Player St,555-010335,player336@example.com,pword336
P0337,Team10,FName337,LName337,1983-10-13,337 Player St,555-010336,player337@example.com,pword337
P0338,Team11,FName338,LName338,1996-12-07,338 Player St,555-010337,player338@example.com,pword338
P0339,Team22,FName339,LName339,1998-04-18,339 Player St,555-010338,player339@example.com,pword339
P0340,Team11,FName340,LName340,1994-03-22,340 Player St,555-010339,player340@example.com,pword340
P0341,Team12,FName341,LName341,1980-09-28,341 Player St,555-010340,player341@example.com,pword341
P0342,Team21,FName342,LName342,1991-07-20,342 Player St,555-010341,player342@example.com,pword342
P0343,Team11,FName343,LName343,1989-11-25,343 Player St,555-010342,player343@example.com,pword343
P0344,Team25,FName344,LName344,1980-06-04,344 Player St,555-010343,player344@example.com,pword344
P0345,Team23,FName345,LName345,1981-11-04,345 Player St,555-010344,player345@example.com,pword345
P0346,Team9,FName346,LName346,1981-06-13,346 Player St,555-010345,player346@example.com,pword346
P0347,Team6,FName347,LName347,1981-09-07,347 Player St,555-010346,player347@example.com,pword347
P0348,Team25,FName348,LName348,1992-11-20,348 Player St,555-010347,player348@example.com,pword348
P0349,Team4,FName349,LName349,1989-09-06,349 Player St,555-010348,player349@example.com,pword349
P0350,Team1,FName350,LName350,1986-08-24,350 Player St,555-010349,player350@example.com,pword350
